<?xml version="1.0" encoding="utf-8" standalone="no" ?>
<l10n>
	<!-- Note that 'description' is only here for easier translations. It needs to be manually copied to ModDesc.XML later. -->
	<description><![CDATA[Añade la capacidad de modular el volante en la conducción con el teclado]]></description>

	<texts>
		<text name="ksmENABLE_ON"   text="volante [modulado]"/>
		<text name="ksmENABLE_OFF"  text="volante [normal]"/>
		<text name="ksmCAMERA_ON"   text="movimiento camera [on]"/>
		<text name="ksmCAMERA_OFF"  text="movimiento camera [off]"/>
		<text name="ksmANALOG_ON"   text="controlador analógico [on]"/>
		<text name="ksmANALOG_OFF"  text="controlador analógico [off]"/>
		<text name="ksmREVERSE_ON"  text="mirar hacia atrás [on]"/>
		<text name="ksmREVERSE_OFF" text="mirar hacia atrás [off]"/>

		<text name="input_ksmENABLE"  text="keyboardSteerMogli: volante"/>
		<text name="input_ksmCAMERA"  text="keyboardSteerMogli: movimiento camara"/>
		<text name="input_ksmREVERSE" text="keyboardSteerMogli: mirar hacia atrás"/>
		<text name="input_ksmANALOG"  text="keyboardSteerMogli: controlador analógico"/>
		<text name="input_ksmPLUS"    text="keyboardSteerMogli:sensibilidad velocidad +"/>
		<text name="input_ksmMINUS"   text="keyboardSteerMogli:sensibilidad velocidad -"/>
		<text name="input_ksmTPLUS"   text="keyboardSteerMogli: throttle limiter +"/>
		<text name="input_ksmTMINUS"  text="keyboardSteerMogli: throttle limiter -"/>
		<text name="input_ksmUP"      text="keyboardSteerMogli: mira adelante"/>
		<text name="input_ksmDOWN"    text="keyboardSteerMogli: mira atrás"/>
		<text name="input_ksmLEFT"    text="keyboardSteerMogli: mira izquierda"/>
		<text name="input_ksmRIGHT"   text="keyboardSteerMogli: mira derecha"/>
	</texts>
</l10n>
Contact GitHub API Training Shop Blog About
© 2016 GitHub, Inc. Terms P
